{"program": {"codes": [24506, 2000, 16368, 22054, 16167, 2002, 16867, 11798, 2002, 13116, 2002, 2002, 1002, 21799, 2002, 1002, 11450, 13978, 13882, 2001, 2000, 1004, 2001, 2002, 2001, 1004, 2002, 1002, 1001, 1003, 1000, 2002], "data": {"pid": 7944834805521250923, "ppid": 17314214893520855164, "generation": 11, "action": "d", "ix": 1}, "qid": 8}, "params": [{"w": 3.754838665278217, "bias": 0.19529917469201744}, {}, {"scale": 0.037418147801683815, "scale_offset": 15.753527272727274, "w": 0.9072200701543209, "bias": 1.3413822253146785, "detect_scale": 0}, {"scale": 0.0658154534684744, "scale_offset": 10.605433333333332, "w": 2.3423147968691795, "bias": -1.0303322429554351, "detect_scale": 0}], "names": ["Class_", "", "KLC2", "SPRY4"], "fnames": ["out:lr", "add", "in:linear", "in:linear"], "version": "2021-08-30"}